"Date","Total.Prec","Mean.Temp","Min.Temp","Max.Temp"
"2010-08-01",NA,NA,NA,NA
"2010-08-02",NA,NA,NA,NA
"2010-08-03",NA,NA,NA,NA
"2010-08-04",NA,NA,NA,NA
"2010-08-05",NA,NA,NA,NA
"2010-08-06",NA,NA,NA,NA
"2010-08-07",NA,NA,NA,NA
"2010-08-08",NA,NA,NA,NA
"2010-08-09",NA,NA,NA,NA
"2010-08-10",NA,NA,NA,NA
"2010-08-11",NA,NA,NA,NA
"2010-08-12",NA,NA,NA,NA
"2010-08-13",NA,NA,NA,NA
"2010-08-14",NA,NA,NA,NA
"2010-08-15",NA,NA,NA,NA
"2010-08-16",NA,NA,NA,NA
"2010-08-17",NA,NA,NA,NA
"2010-08-18",NA,NA,NA,NA
"2010-08-19",NA,NA,NA,NA
"2010-08-20",NA,NA,NA,NA
"2010-08-21",NA,NA,NA,NA
"2010-08-22",NA,NA,NA,NA
"2010-08-23",NA,NA,NA,NA
"2010-08-24",NA,NA,NA,NA
"2010-08-25",NA,NA,NA,NA
"2010-08-26",NA,NA,NA,NA
"2010-08-27",NA,NA,NA,NA
"2010-08-28",NA,NA,NA,NA
"2010-08-29",NA,NA,NA,NA
"2010-08-30",NA,NA,NA,NA
"2010-08-31",NA,NA,NA,NA
"2010-09-01",0.1,25.5,19.4,33.2
"2010-09-02",0,25.4,21.8,32.4
"2010-09-03",0,24.7,22.4,32.4
"2010-09-04",0.1,23.4,20.4,27.8
"2010-09-05",0,24.8,20.4,28.8
"2010-09-06",0,25.2,20.8,33.4
"2010-09-07",0,25.2,22.4,29
"2010-09-08",0,25.2,22.4,29.6
"2010-09-09",0,25.5,21.2,30.2
"2010-09-10",0,25.5,21.8,32.6
"2010-09-11",0,24.2,22,28
"2010-09-12",0,25.3,21.8,30.2
"2010-09-13",0,23.9,21.6,27
"2010-09-14",0,23,21.2,26.8
"2010-09-15",0,23.5,20.8,26.8
"2010-09-16",0,24.3,21.2,28.2
"2010-09-17",0,24.7,19.2,32.2
"2010-09-18",0,24.1,21.6,29.2
"2010-09-19",0,25.2,21.2,32.8
"2010-09-20",0,24.1,22,27.2
"2010-09-21",0,23.7,20.8,25.6
"2010-09-22",0.3,24.7,21.4,31.6
"2010-09-23",0,24.4,21.2,29.2
"2010-09-24",0,25.2,21,31.4
"2010-09-25",0,25.1,21,31.8
"2010-09-26",0,25.9,22.6,33.2
"2010-09-27",0,25.4,22.6,29.6
"2010-09-28",0,24.4,22,28.2
"2010-09-29",1,23.4,21.6,26.3
"2010-09-30",0.1,22.7,20,24.8
"2010-09-31",NA,NA,NA,NA
"2010-10-01",0,24.7,20.4,31.2
"2010-10-02",0,25,20.2,33.4
"2010-10-03",0,24.4,19.4,32.2
"2010-10-04",0,24.3,21.8,27.8
"2010-10-05",0,24.8,21.4,30.2
"2010-10-06",0,24.3,21.6,28
"2010-10-07",0,25.1,21.6,31
"2010-10-08",0.6,24.3,21.8,27.4
"2010-10-09",0,23.9,20.2,29.8
"2010-10-10",0,24.7,20.2,32.6
"2010-10-11",0,24.7,21.8,30.6
"2010-10-12",0,25.1,20.6,31.4
"2010-10-13",0,25.1,20.8,31
"2010-10-14",0,24.9,22.2,31
"2010-10-15",0,25.1,21.6,31.8
"2010-10-16",0,24.7,19.8,32
"2010-10-17",0,24.7,20.4,29.6
"2010-10-18",0,24.9,21.4,31.2
"2010-10-19",0,24.2,21.4,29.2
"2010-10-20",0,24.5,21.6,28.6
"2010-10-21",0,25,20,32.4
"2010-10-22",0,23.7,20.8,28.8
"2010-10-23",0,23.1,20.8,26.2
"2010-10-24",0,23.6,21,25.8
"2010-10-25",0,23.9,19.6,27.8
"2010-10-26",0,25.1,19,32.2
"2010-10-27",0,23.6,21.2,26.4
"2010-10-28",0,23.3,20.2,30
"2010-10-29",0,22.7,21,25.8
"2010-10-30",0,23.2,20,29.6
"2010-10-31",0,22.9,19.8,27.2
"2010-11-01",0,23.2,20.2,28.2
"2010-11-02",0,21.6,19.4,24.8
"2010-11-03",0,21.5,19.2,23.6
"2010-11-04",0,23.3,19.6,30.2
"2010-11-05",0,23.2,20,28.8
"2010-11-06",0,23.8,20,30.2
"2010-11-07",0,24.5,20.9,31.4
"2010-11-08",0,24.5,19,30
"2010-11-09",0,24.4,19.2,33.4
"2010-11-10",0,24.5,20.6,29.4
"2010-11-11",3,24.3,20.8,30.4
"2010-11-12",0,23.6,20.6,29.8
"2010-11-13",0,23.9,20.6,27.4
"2010-11-14",0.5,24,22.2,28.4
"2010-11-15",0,23.8,21.2,26.8
"2010-11-16",0,23.5,21.8,26.4
"2010-11-17",0.1,25.5,20.8,31
"2010-11-18",0,24.3,21.2,28.6
"2010-11-19",0,25.1,22,28.8
"2010-11-20",0,25,21.2,30.6
"2010-11-21",0,26.2,22,32.8
"2010-11-22",0,23.5,21.8,25.2
"2010-11-23",0,24.5,18.8,30.2
"2010-11-24",0,24.4,21.2,28.6
"2010-11-25",0,24.3,18.4,29.4
"2010-11-26",0,24.1,20.2,28.2
"2010-11-27",0,24.6,22,27.8
"2010-11-28",0,23.9,20.4,30.2
"2010-11-29",0,23.9,20.2,29.8
"2010-11-30",0,24.3,21,30.2
"2010-11-31",NA,NA,NA,NA
"2010-12-01",0,24.1,21.4,29.6
"2010-12-02",0,24.1,21,28.2
"2010-12-03",0,23.7,19.6,29.2
"2010-12-04",0,23.4,21.2,25.2
"2010-12-05",0,24.3,20.8,26.8
"2010-12-06",0,24.7,20.2,30.2
"2010-12-07",0,25.1,22,29.4
"2010-12-08",0,24.7,22,28.6
"2010-12-09",0,26.2,21.6,31
"2010-12-10",0,26.4,22.2,31.2
"2010-12-11",8.6,26.1,22.6,29.8
"2010-12-12",0.8,23.9,2,26.4
"2010-12-13",0,24.3,21.2,29.8
"2010-12-14",1.9,24.3,22.9,NA
"2010-12-15",14.7,23.4,21,27.2
"2010-12-16",28,24.5,22,28.2
"2010-12-17",17.1,22.6,22,23.6
"2010-12-18",0,24.4,21.4,28.2
"2010-12-19",0,25.5,21.2,30.6
"2010-12-20",9.6,24.1,22.2,26.8
"2010-12-21",61.6,23.5,21.6,27.6
"2010-12-22",5,24.1,21.4,27.2
"2010-12-23",16.1,23.5,21.4,25.9
"2010-12-24",0.3,25,21.4,29.9
"2010-12-25",43.7,25.1,22.2,28.2
"2010-12-26",12.2,23.9,21.6,26.6
"2010-12-27",11.8,24.7,21.8,28.8
"2010-12-28",33.1,24.7,21.8,29
"2010-12-29",3.1,25.1,22.2,NA
"2010-12-30",0.5,25.5,22,29.6
"2010-12-31",0,26.1,22.4,32
"2011-01-01",0,25.1,22.4,29
"2011-01-02",0,25.1,22.2,29.6
"2011-01-03",0,24.4,22,27.6
"2011-01-04",0,24.4,20.8,30.4
"2011-01-05",0,25.5,21.4,31.4
"2011-01-06",0.2,25.6,22.8,29.6
"2011-01-07",0,24.7,22.2,29.6
"2011-01-08",0.3,25.1,21.6,29.8
"2011-01-09",0,24.9,21.8,28.6
"2011-01-10",0,25.4,21.8,28.6
"2011-01-11",1.8,26.4,22.8,31
"2011-01-12",2,25.1,22.2,29
"2011-01-13",8.2,26.5,22.4,31.8
"2011-01-14",0.3,24.5,21.6,28
"2011-01-15",0.2,26.5,21.8,31.2
"2011-01-16",0.4,25.9,22.6,29.2
"2011-01-17",5.9,26,22.4,31.4
"2011-01-18",4.2,24.7,22.2,28.6
"2011-01-19",1.9,26.3,22.6,31.8
"2011-01-20",0.1,25.4,22,30
"2011-01-21",0,26.9,22.4,32
"2011-01-22",0.6,25.5,23,29.4
"2011-01-23",20.1,25.1,23,29.4
"2011-01-24",3.3,24.2,21,28.4
"2011-01-25",25.5,24.5,22.8,28.2
"2011-01-26",0.9,25.3,22.2,29.6
"2011-01-27",13.8,23.1,22.4,24.6
"2011-01-28",0.1,25.2,22,29.8
"2011-01-29",9.7,24.5,22.4,27.4
"2011-01-30",0,24.9,21.8,29.2
"2011-01-31",2.2,25.2,22,30
"2011-02-01",12.2,24.9,22.6,29.6
"2011-02-02",10.4,25.5,22.4,29.4
"2011-02-03",0,26.6,22.8,31.8
"2011-02-04",5.7,26.1,24,29.2
"2011-02-05",5.6,25.7,23,30.2
"2011-02-06",9.9,23.9,23.2,26.4
"2011-02-07",4.2,23.8,21.8,28
"2011-02-08",0,25.3,22,29.8
"2011-02-09",0.8,26.3,22.8,29.7
"2011-02-10",3.1,25.1,23.6,30.2
"2011-02-11",29.5,25,21.8,30.4
"2011-02-12",0,25.8,23.2,29.4
"2011-02-13",0.2,25.4,23.2,28.6
"2011-02-14",2.5,26.7,23.2,30.8
"2011-02-15",6.2,23.5,22.8,25.2
"2011-02-16",7.9,25.5,22,32.2
"2011-02-17",0,26.2,23,31.8
"2011-02-18",0,27,23.4,31.8
"2011-02-19",0,26.7,22.8,31.6
"2011-02-20",0.1,26.7,21.2,32.2
"2011-02-21",0,26.5,21.4,32.2
"2011-02-22",0,25.9,20.6,32
"2011-02-23",0,26.5,21.2,32
"2011-02-24",0,26.3,20,33
"2011-02-25",0,26.1,21.4,33.4
"2011-02-26",0,26,23,31.6
"2011-02-27",0,26.7,21.4,33.4
"2011-02-28",0,26.8,22.2,33
"2011-02-29",NA,NA,NA,NA
"2011-02-30",NA,NA,NA,NA
"2011-02-31",NA,NA,NA,NA
"2011-03-01",0,26,20.4,33
"2011-03-02",0,26.2,21.2,31.2
"2011-03-03",0,26.4,20.4,33.4
"2011-03-04",0.3,26.9,21.8,34.2
"2011-03-05",0,26.3,21.4,33.2
"2011-03-06",0,26.9,21.6,33.2
"2011-03-07",0,26.3,22,32.4
"2011-03-08",0,26.5,22.4,32
"2011-03-09",0.1,26.7,22.2,32.2
"2011-03-10",0,26.9,22,33
"2011-03-11",0.7,27.5,23,33.2
"2011-03-12",0,27.4,23.8,32
"2011-03-13",0,26.5,21.6,32.4
"2011-03-14",9.6,26.5,21.6,33.1
"2011-03-15",0,26.6,22.6,32.2
"2011-03-16",0,26.3,21.2,32
"2011-03-17",15.3,25.7,23.4,29.4
"2011-03-18",8.6,26.1,22.8,30.6
"2011-03-19",2.2,24.7,22.2,29
"2011-03-20",0,26.1,22.4,29.2
"2011-03-21",0,26.5,22.2,31.8
"2011-03-22",0,26.3,21.6,32.6
"2011-03-23",0,26.7,21.2,32.4
"2011-03-24",0,26.5,19.8,32.6
"2011-03-25",0.3,26.2,21,31.8
"2011-03-26",0,27,22.8,31.6
"2011-03-27",0,26.5,21.8,31
"2011-03-28",0,27,22.4,33
"2011-03-29",16.4,26.8,22,32.4
"2011-03-30",0.9,26,22.4,31.8
"2011-03-31",0,26.4,22.6,30.2
"2011-04-01",54,NA,21.4,NA
"2011-04-02",1.1,26,21.2,NA
"2011-04-03",11.8,26.9,22.8,NA
"2011-04-04",0.8,25.7,22.2,NA
"2011-04-05",38.7,26.7,23,NA
"2011-04-06",2.9,24.3,21.4,27.6
"2011-04-07",0,26.3,22.2,30.4
"2011-04-08",26.5,26.7,23,32.4
"2011-04-09",3.4,25.5,21,30.2
"2011-04-10",10.7,26.6,22.8,31
"2011-04-11",0,26.4,22.2,32
"2011-04-12",0.1,26.5,23.2,31.8
"2011-04-13",0,26.3,22,32.2
"2011-04-14",0,26.3,22.2,31
"2011-04-15",0.9,26.1,21.6,31.2
"2011-04-16",21,26.3,22.8,31.6
"2011-04-17",2.9,26,22,31.8
"2011-04-18",18.7,26.3,23.2,32.2
"2011-04-19",8,26.3,22.4,32.4
"2011-04-20",0.8,26,23.2,31.2
"2011-04-21",4.7,25.6,22.8,32.6
"2011-04-22",0,26.6,22.2,32.6
"2011-04-23",0,26.6,22,32.2
"2011-04-24",1,26.1,NA,32.2
"2011-04-25",1.5,27.5,22,32.8
"2011-04-26",0,26.9,22.4,31.4
"2011-04-27",0,25.7,23,29.8
"2011-04-28",0,27.1,NA,33.2
"2011-04-29",0,25.3,23,28.2
"2011-04-30",0,26.9,22.8,31.6
"2011-04-31",NA,NA,NA,NA
"2011-05-01",0,27.3,23,33.8
"2011-05-02",0,26,22.2,32
"2011-05-03",0,26.8,22.6,32.4
"2011-05-04",0,26.4,21.6,32.2
"2011-05-05",0,26.5,21.4,32.2
"2011-05-06",0,27.3,21.4,33.8
"2011-05-07",0,27.4,22.2,31.6
"2011-05-08",0,25.8,21.4,31
"2011-05-09",0,26.6,20.8,33.4
"2011-05-10",0,26.3,22.2,32
"2011-05-11",0,26.7,21,32
"2011-05-12",1.5,27.7,22,33.4
"2011-05-13",0,26.7,22.6,31.2
"2011-05-14",0,26.7,22.4,32.8
"2011-05-15",0,27.1,22.4,33.4
"2011-05-16",0,25.9,22,32.2
"2011-05-17",0,24.9,21.8,29
"2011-05-18",0,25.5,21.8,31
"2011-05-19",0,25.5,19.4,31.8
"2011-05-20",0,25.7,20.4,31.8
"2011-05-21",0,26.6,22.2,32
"2011-05-22",0,26.1,20.4,32
"2011-05-23",0,24.3,19.2,30.8
"2011-05-24",0,24.5,21.8,27.4
"2011-05-25",0,25.7,21,33
"2011-05-26",0,25.1,21.6,28.4
"2011-05-27",0,26,20.8,31
"2011-05-28",0,28.1,20.2,33.2
"2011-05-29",0.4,26.3,22.6,30
"2011-05-30",0,25.3,21.6,27.4
"2011-05-31",0,26.1,22,31.4
"2011-06-01",0.1,25.7,22,29.6
"2011-06-02",0.7,26.3,22.8,32.6
"2011-06-03",0,26.7,22.6,31.4
"2011-06-04",0,27.1,21.2,33.8
"2011-06-05",0,26.3,21.2,31.4
"2011-06-06",0,25.4,22,28.2
"2011-06-07",0,26.4,21.6,31.8
"2011-06-08",0,24.7,23,27.6
"2011-06-09",0.5,25.6,22.4,30
"2011-06-10",0,25.9,21.6,29
"2011-06-11",0,25.9,20,30.6
"2011-06-12",0,25.8,22.6,30.4
"2011-06-13",0,27.1,21.6,32.8
"2011-06-14",0,26,22.2,30.2
"2011-06-15",0,25.6,22,29.4
"2011-06-16",0.8,26.1,22.2,31
"2011-06-17",0,25.5,21.2,30
"2011-06-18",0,26.9,22.8,33.2
"2011-06-19",0,26.1,22.2,31.6
"2011-06-20",0,25.5,21.6,29.6
"2011-06-21",0,26.1,21.8,29.6
"2011-06-22",0,26.1,22.4,31.4
"2011-06-23",0,25.4,22,31.4
"2011-06-24",0,24.8,22,27.4
"2011-06-25",4.7,25.5,21.8,31.8
"2011-06-26",0,26.2,22.8,31.8
"2011-06-27",3.6,25.9,23.2,30
"2011-06-28",0,25.5,21.8,28.8
"2011-06-29",0,25.9,21.8,30.8
"2011-06-30",0,24.4,22.2,27.2
"2011-06-31",NA,NA,NA,NA
"2011-07-01",1.8,26.1,21.6,30.2
"2011-07-02",0,24.9,21.4,28.2
"2011-07-03",0,25.9,22.6,30.6
"2011-07-04",0.1,23.9,21.8,26.2
"2011-07-05",0,25,20.8,30.8
"2011-07-06",0,25.5,21.8,31.8
"2011-07-07",0,25.1,22,29.4
"2011-07-08",0,24.9,21.2,28.6
"2011-07-09",0,24.6,18.2,30
"2011-07-10",0,25.3,19,29.8
"2011-07-11",0,25.5,20.8,31.2
"2011-07-12",0,25.3,20.8,28.7
"2011-07-13",1,25.1,21.8,29.4
"2011-07-14",1.3,25.3,21.2,29.6
"2011-07-15",0,25.1,21,31.2
"2011-07-16",1.1,26.4,20.6,32.4
"2011-07-17",0,26.1,21.8,32.8
"2011-07-18",0,27.5,22.4,33.4
"2011-07-19",0,27.4,23.2,32.4
"2011-07-20",0,26.2,23.6,30.2
"2011-07-21",0.7,26.3,22.6,29.4
"2011-07-22",0,26.5,22,29.8
"2011-07-23",0,26.8,22.6,32.6
"2011-07-24",0,25.9,20.8,30.2
"2011-07-25",0,26.5,22,30.6
"2011-07-26",0,25.6,22.2,28.6
"2011-07-27",0,24.3,21.2,26.6
"2011-07-28",3.3,25.3,18.4,33.6
"2011-07-29",0,26.1,21,31.8
"2011-07-30",0,24.5,21.8,32
"2011-07-31",0,25.5,20.4,29.2
"2011-08-01",0,24.9,20,29.8
"2011-08-02",0,24.9,21.4,28.6
"2011-08-03",0,25.7,20.4,31.6
"2011-08-04",0,25.5,21.2,28.8
"2011-08-05",0,25.2,22.2,28.8
"2011-08-06",0,25.3,22.2,30.6
"2011-08-07",0,25.4,20.8,31.6
"2011-08-08",0,26,22.4,31.6
"2011-08-09",0,26,21.8,31
"2011-08-10",0,25.7,21.2,29.8
"2011-08-11",0,25.3,22,30.2
"2011-08-12",0,24.4,20.6,28.4
"2011-08-13",0,25.5,21.6,31.2
"2011-08-14",0,25.3,20.2,32.2
"2011-08-15",0,26.1,20.6,32
"2011-08-16",0,25.1,21,29.6
"2011-08-17",0,23.9,19,30
"2011-08-18",0,24.3,21.4,26.6
"2011-08-19",0,24.9,20.8,31.4
"2011-08-20",0,24.4,20.6,31.4
"2011-08-21",0,24.9,20.8,28
"2011-08-22",0,24.2,20.8,29.2
"2011-08-23",0,25.1,21.6,32
"2011-08-24",0,25.5,21.8,32.2
"2011-08-25",0,24.3,21.6,29.6
"2011-08-26",0,24.4,20.8,29
"2011-08-27",0,26,22,31.6
"2011-08-28",0,25.3,22,32.4
"2011-08-29",0,24.3,21,29.8
"2011-08-30",0.5,24.4,20.6,28
"2011-08-31",0,24.7,21.9,27.6
"2011-09-01",0,26.2,21.6,32.8
"2011-09-02",0,25.1,19,32.6
"2011-09-03",0,24.3,20.8,28.8
"2011-09-04",0,24.3,20.4,29.6
"2011-09-05",0,25.1,20,32.8
"2011-09-06",0,24,20.4,30
"2011-09-07",0,24.7,18.6,33.2
"2011-09-08",0,23,21.2,27.4
"2011-09-09",0,23.6,20.2,27.6
"2011-09-10",0,24.9,18.4,31
"2011-09-11",0,24.9,18.6,32.6
"2011-09-12",0,24.9,21,30.8
"2011-09-13",0.1,25,19.2,30
"2011-09-14",0,25.9,22,31
"2011-09-15",0,25.3,20.2,32.4
"2011-09-16",0,25,19,32.2
"2011-09-17",0,24.7,19.2,30
"2011-09-18",0,25.5,20,32.8
"2011-09-19",0,24,21.6,28.6
"2011-09-20",0,24.4,20.6,28.4
"2011-09-21",0,25,20.6,31.2
"2011-09-22",0,25.9,20.6,30.4
"2011-09-23",0,26.1,21.2,34.6
"2011-09-24",0,25.8,21.4,32.2
"2011-09-25",0,24.5,20.8,29.4
"2011-09-26",0,25.9,21.2,31.8
"2011-09-27",0,26.7,22.2,32.6
"2011-09-28",0,25.4,22.6,29.8
"2011-09-29",0,24.8,21.6,29.6
"2011-09-30",0,25.4,18,33
"2011-09-31",NA,NA,NA,NA
"2011-10-01",0,25.5,21,32
"2011-10-02",0,24.3,21.4,30.6
"2011-10-03",0,25.6,20.6,32
"2011-10-04",0,25.6,21,33
"2011-10-05",0,24.1,21.4,26.8
"2011-10-06",0,24.1,20.4,26.8
"2011-10-07",0,25.8,21.8,30.6
"2011-10-08",0,25.3,20,30
"2011-10-09",0,25,19.2,30.8
"2011-10-10",0,23.4,20.2,27
"2011-10-11",0,24.4,20.4,31
"2011-10-12",0,21.8,19.2,24.6
"2011-10-13",0,23,19.6,26.2
"2011-10-14",0,23.5,19.8,30
"2011-10-15",0,23.5,19.6,27.8
"2011-10-16",0,24.8,20,31.6
"2011-10-17",0,24.2,20.6,29.8
"2011-10-18",0,24.9,19.8,30
"2011-10-19",0,25.2,18.6,33
"2011-10-20",0,26,20,31.4
"2011-10-21",0,25.5,21.2,31.2
"2011-10-22",0,25.1,21.4,30.2
"2011-10-23",0,25.2,20,28.4
"2011-10-24",1.2,23.8,21.6,26.2
"2011-10-25",0,23.6,21.2,NA
"2011-10-26",0,25.1,20.6,31.2
"2011-10-27",0,26,19.6,32.4
"2011-10-28",0,24.9,20.6,30
"2011-10-29",0,25.3,21,32.2
"2011-10-30",0,25.4,20.8,32
"2011-10-31",0,25.3,20,32.4
"2011-11-01",0,25.3,18.8,32.8
"2011-11-02",0,24.9,18.2,32.2
"2011-11-03",0,25.7,20,34.2
"2011-11-04",0,25.3,20,32
"2011-11-05",0,24.8,20.8,30.6
"2011-11-06",0,24.5,20.2,30.2
"2011-11-07",0,24.4,20.2,28.7
"2011-11-08",0,24.7,20.8,NA
"2011-11-09",0,24.2,20,31
"2011-11-10",0,24.1,20.8,29.7
"2011-11-11",0,24.1,21.2,28.2
"2011-11-12",0.5,25.4,21.4,32.4
"2011-11-13",0.2,22.1,21.2,23.2
"2011-11-14",0,24.5,18.6,28.6
"2011-11-15",0,24.6,20.8,30.2
"2011-11-16",0,24.3,20.4,30.1
"2011-11-17",0,23.9,20.8,27.3
"2011-11-18",0,25.1,18,NA
"2011-11-19",0,25.3,19.2,31.6
"2011-11-20",0,23.2,20.4,29.2
"2011-11-21",0,24.6,20.4,30.8
"2011-11-22",0,25.3,19,30.7
"2011-11-23",0,23.7,15.2,31.3
"2011-11-24",0,24,18.2,29.3
"2011-11-25",0,25,19.6,30.8
"2011-11-26",0,25.5,21.2,30.3
"2011-11-27",0,25.4,19.4,32.2
"2011-11-28",0,25.2,18.2,31.7
"2011-11-29",0,25.1,18.8,33.9
"2011-11-30",0,25.4,20.8,31.7
"2011-11-31",NA,NA,NA,NA
"2011-12-01",0,24.4,18.8,27.4
"2011-12-02",0,24.1,20.4,NA
"2011-12-03",0,26.5,19.4,33.9
"2011-12-04",0,27.1,21.8,33
"2011-12-05",0,25.5,19,33
"2011-12-06",0,26.1,20.6,33.2
"2011-12-07",0,25.8,20.6,33.1
"2011-12-08",0,26.4,21.2,33.4
"2011-12-09",0.1,25.2,20.6,28.4
"2011-12-10",0,25.3,21.4,28
"2011-12-11",0,27.2,21.4,33.6
"2011-12-12",1,26.3,22,32.1
"2011-12-13",0,25.6,21.1,30.2
"2011-12-14",0,25.7,22.2,29.6
"2011-12-15",0,26.6,20,32.8
"2011-12-16",0,27.2,21,32.8
"2011-12-17",0,26.9,21.4,31.2
"2011-12-18",0,27.2,20.8,33.8
"2011-12-19",0,26.5,21,33.8
"2011-12-20",0,26,23,31.2
"2011-12-21",0,25.9,23.1,29.6
"2011-12-22",0,27.2,23,33
"2011-12-23",0,26.2,22,NA
"2011-12-24",0.5,26.2,21.4,30.5
"2011-12-25",0.3,25.4,21.2,31.8
"2011-12-26",0,25.9,19.2,32.7
"2011-12-27",0,26.7,23.6,30.1
"2011-12-28",0,25.6,23,29.9
"2011-12-29",5.4,27,23.4,31.2
"2011-12-30",25.6,26.6,23,30.2
"2011-12-31",4.3,26.1,22,30.2
"2012-01-01",10.2,25.8,23,29.7
"2012-01-02",0,25.6,21.6,29.4
"2012-01-03",1.2,26.7,23.4,30.8
"2012-01-04",61.7,25.8,22.8,29.8
"2012-01-05",2.8,24.1,21.6,25.8
"2012-01-06",0.7,25.5,22,30.8
"2012-01-07",0.4,25.4,23,28.8
"2012-01-08",0,25.3,22.6,28.5
"2012-01-09",0.2,26.3,22.9,NA
"2012-01-10",0.6,26.5,22.4,30.5
"2012-01-11",0.3,25.4,22.4,29.2
"2012-01-12",36.9,25.2,22.9,29
"2012-01-13",4.6,24.1,22.2,26.5
"2012-01-14",20.2,26.5,22.4,32.6
"2012-01-15",9,24.4,22,27.8
"2012-01-16",25.3,26.5,23,30.5
"2012-01-17",1.6,25.2,22.6,28.1
"2012-01-18",0.4,26.3,21.4,30.4
"2012-01-19",4.6,26.1,23.1,30.1
"2012-01-20",1.7,25.4,22.9,30.2
"2012-01-21",16.7,25.4,22.6,29.9
"2012-01-22",5.2,24.2,22.2,26.5
"2012-01-23",0.2,24.4,22.4,26.8
"2012-01-24",3.8,24.2,23,28.5
"2012-01-25",0,27.1,22.1,31.9
"2012-01-26",8.4,25.3,23,30.3
"2012-01-27",19.8,24.7,22.3,29.5
"2012-01-28",28.4,24.7,21.9,29.7
"2012-01-29",12.9,24.4,21.9,28.1
"2012-01-30",39.7,24.9,21.7,31
"2012-01-31",1.6,25.3,22.4,30
"2012-02-01",8.3,23.8,22.9,26.2
"2012-02-02",2,25.8,22,30.1
"2012-02-03",10.4,25.2,23,28.4
"2012-02-04",7.3,24.2,22.6,26.3
"2012-02-05",26.7,26.4,22.8,31.7
"2012-02-06",46,25.3,22.6,30.7
"2012-02-07",7,26.1,22.4,31.6
"2012-02-08",41.7,25.7,22.7,31.7
"2012-02-09",52.2,26.2,22.9,32.9
"2012-02-10",15.5,26,22.4,31.7
"2012-02-11",19.4,26.3,22.8,29.5
"2012-02-12",16.7,25.6,22.5,30.9
"2012-02-13",2.2,27,22.8,31.6
"2012-02-14",4.9,26.5,23,32.4
"2012-02-15",20.6,26.2,22.8,31.3
"2012-02-16",12.3,26.4,23,31.2
"2012-02-17",11.3,26.1,22.9,30.8
"2012-02-18",4.7,27.1,22.9,31.4
"2012-02-19",19,26,22.4,31.2
"2012-02-20",31.1,26.9,22.2,32.2
"2012-02-21",37.4,26.3,23,30.6
"2012-02-22",6.8,24.1,20,29.4
"2012-02-23",33.2,25.7,22.4,31.6
"2012-02-24",16,26.6,23,30.6
"2012-02-25",7.9,25.4,23,30.6
"2012-02-26",0.3,26.4,22,31.4
"2012-02-27",6.5,27.1,23.2,31.9
"2012-02-28",6.6,25,23.8,29.1
"2012-02-29",0,27,23,32.3
"2012-02-30",NA,NA,NA,NA
"2012-02-31",NA,NA,NA,NA
"2012-03-01",11,27.2,24,31
"2012-03-02",0.2,26.4,24,30.2
"2012-03-03",37,26.6,23,30.9
"2012-03-04",27.6,26.3,22.8,30.6
"2012-03-05",16.1,25.9,23.2,30.2
"2012-03-06",0,27.4,23.4,32.4
"2012-03-07",0.4,27.6,24.4,32
"2012-03-08",0,27.4,23.9,32.2
"2012-03-09",16.8,27,NA,31
"2012-03-10",8.5,26,22.8,29.7
"2012-03-11",49.8,27.1,23.4,31.4
"2012-03-12",1.9,26.8,24,30.9
"2012-03-13",1.8,26.1,23.8,29.8
"2012-03-14",1.2,27.2,23.8,31.4
"2012-03-15",13.5,27.3,24,31
"2012-03-16",55.5,26.9,23.6,31.9
"2012-03-17",11,27.3,23,32.4
"2012-03-18",16.1,26.8,23.6,32.1
"2012-03-19",39.4,27.1,23.2,30.9
"2012-03-20",4.6,27.2,22.8,32.4
"2012-03-21",6.1,27.3,23.9,31.9
"2012-03-22",0.7,27.6,23.2,32
"2012-03-23",0.3,28.1,24,31.8
"2012-03-24",14.1,28.1,23.8,32.8
"2012-03-25",0,27.6,24,31.9
"2012-03-26",17.5,27.3,24,32.7
"2012-03-27",0,27.1,23.5,NA
"2012-03-28",0,27.2,23,32.1
"2012-03-29",9.1,27.3,24.4,33.1
"2012-03-30",0,26.7,22.4,32.2
"2012-03-31",9.7,26.7,23.5,32
"2012-04-01",3.6,26.7,22.4,31.6
"2012-04-02",1.3,26.6,22.2,31.4
"2012-04-03",18.2,26.8,22.5,32.2
"2012-04-04",5.1,26.4,22.8,31.2
"2012-04-05",18,25.8,23.4,30.9
"2012-04-06",0.7,26.6,22.7,32.5
"2012-04-07",1.1,26.8,23.1,31.5
"2012-04-08",0,26.3,23.2,29.6
"2012-04-09",0,27.5,23.8,32.6
"2012-04-10",38.7,26.9,24,32.3
"2012-04-11",0,27.4,22.2,32.6
"2012-04-12",0,28,23.1,33.1
"2012-04-13",0,28.1,24.1,33.6
"2012-04-14",0,27.2,24,32
"2012-04-15",0,26.6,22.6,32.7
"2012-04-16",0,27.3,22.8,32.8
"2012-04-17",0,27.9,23.8,33.8
"2012-04-18",0,27.9,23.9,32.8
"2012-04-19",30.1,26.9,24.4,32.6
"2012-04-20",0,27.4,24,32.9
"2012-04-21",14.8,27.4,24.2,33
"2012-04-22",0.9,28.2,23,33.2
"2012-04-23",0,26.9,24.2,29.8
"2012-04-24",0.1,26.3,23.8,29.7
"2012-04-25",2.3,28.1,23.2,31.8
"2012-04-26",1.4,26.9,22.9,31.2
"2012-04-27",5,26.9,23.2,31.6
"2012-04-28",0.4,27.7,23,31.4
"2012-04-29",0,27.8,23.4,33.2
"2012-04-30",10.5,26.7,23.6,31.1
"2012-04-31",NA,NA,NA,NA
"2012-05-01",11.2,26.4,22.4,30.9
"2012-05-02",2.3,27.1,22.9,33.4
"2012-05-03",0.1,26.9,24,31.2
"2012-05-04",3,26.3,23.2,31.4
"2012-05-05",8.5,26,22.8,32
"2012-05-06",6.9,27.1,23,32.6
"2012-05-07",0,27.2,23.8,33.2
"2012-05-08",0.2,27.3,23.7,33.2
"2012-05-09",2.5,NA,23.8,31.1
"2012-05-10",0,26.9,22,32
"2012-05-11",0,26.7,23.3,31.6
"2012-05-12",18.2,27.1,23,32
"2012-05-13",18.1,25.1,21.8,30.6
"2012-05-14",0.3,26.8,22.6,32.3
"2012-05-15",1.6,27.3,23.5,35.6
"2012-05-16",0.7,27,23,NA
"2012-05-17",5.3,27.5,23,32
"2012-05-18",0.1,27.6,22.8,33
"2012-05-19",20.8,26.1,23.5,32.2
"2012-05-20",0.6,26.5,23.2,32.4
"2012-05-21",1.3,26.9,24,32.7
"2012-05-22",34.6,26.9,24,33.2
"2012-05-23",0.1,27.1,24,31
"2012-05-24",0,27.5,23.8,33
"2012-05-25",0,26.9,24,31.4
"2012-05-26",1.6,26.8,23.8,30.6
"2012-05-27",22.3,25.6,23.2,29.9
"2012-05-28",1.7,25.4,23.1,28.4
"2012-05-29",0,25.7,23.3,28.6
"2012-05-30",0,26.4,23.1,29.8
"2012-05-31",5.4,26.5,23,30.8
"2012-06-01",0,26.4,23,31.3
"2012-06-02",0,26.2,23.1,30.1
"2012-06-03",0,26.7,23.4,32.7
"2012-06-04",0,25.9,23.2,28.9
"2012-06-05",0,26.3,21.6,NA
"2012-06-06",0,25.2,20.9,30.2
"2012-06-07",0,25.9,21.2,31.6
"2012-06-08",0,25.1,22.8,27.2
"2012-06-09",0,27.3,22,32.9
"2012-06-10",0,26.7,22.6,32.4
"2012-06-11",0,26,23.2,30.4
"2012-06-12",0,26.2,21.4,31.2
"2012-06-13",0,25.6,21,31.6
"2012-06-14",8,25.4,22.2,27.9
"2012-06-15",0.2,26.1,22.8,30.4
"2012-06-16",0,26.5,22.4,30.9
"2012-06-17",0.2,25.7,22.6,27.4
"2012-06-18",20.8,24.8,22.3,28.6
"2012-06-19",0.1,25.6,22.8,30.8
"2012-06-20",34.1,26.4,22.6,31.6
"2012-06-21",0,26.2,22.8,30.3
"2012-06-22",0,26,23,30.7
"2012-06-23",0,24.9,23.2,28.1
"2012-06-24",1.5,25.4,22.2,29.6
"2012-06-25",5,26.8,21.8,31.6
"2012-06-26",1.3,25.8,21.5,30.7
"2012-06-27",4.7,25.3,22,28.8
"2012-06-28",0,26.5,23,NA
"2012-06-29",15.2,25.2,22.7,29.8
"2012-06-30",0,25.8,22.4,30.6
"2012-06-31",NA,NA,NA,NA
"2012-07-01",0,24.6,21.8,28
"2012-07-02",1.2,24.2,22.3,25.8
"2012-07-03",5.1,24.7,22.5,29.6
"2012-07-04",0,24.9,19.5,30.3
"2012-07-05",0,24.7,22.2,27.9
"2012-07-06",0,23.7,21.6,28.4
"2012-07-07",0,25,21.2,29.3
"2012-07-08",0,24.4,19.4,30.6
"2012-07-09",0,24.8,20.8,29.2
"2012-07-10",0,24.6,20.9,27.9
"2012-07-11",0,23.7,19.9,27
"2012-07-12",0,24.2,20,27.4
"2012-07-13",0,24.5,21.6,28.4
"2012-07-14",0,25.9,20.9,31
"2012-07-15",0.2,23.9,21.6,27.6
"2012-07-16",0,24.8,21,29.9
"2012-07-17",0,23.9,21.4,27.2
"2012-07-18",0,25.7,20.2,31.4
"2012-07-19",0,24.6,21,26.4
"2012-07-20",0,24.9,19.5,30.8
"2012-07-21",0,24.3,19.8,28.6
"2012-07-22",0,23.7,21.2,26.1
"2012-07-23",0,24.8,22,27.7
"2012-07-24",0,25.6,20.2,30.6
"2012-07-25",0,23.5,21.4,26
"2012-07-26",0,24.6,20.4,28.8
"2012-07-27",0,23.8,19,29
"2012-07-28",0,25.6,18.6,31
"2012-07-29",0,24.7,20.2,27
"2012-07-30",0,25.5,20,NA
"2012-07-31",0,25.1,21.3,30.2
"2012-08-01",0,23.8,21,26.2
"2012-08-02",0,24.5,21.4,29.6
"2012-08-03",0,23.3,20.6,29.6
"2012-08-04",0,24,20.9,30.4
"2012-08-05",0,24.4,21,29.5
"2012-08-06",0,24.7,21.2,29.6
"2012-08-07",0,23.8,20.4,NA
"2012-08-08",0,23.8,19.8,29.9
"2012-08-09",0,23,20.4,26.6
"2012-08-10",0,23.4,18.8,30.3
"2012-08-11",0,24.6,21,28.8
"2012-08-12",0,24,18.6,29.1
"2012-08-13",0,24.3,20.5,30.3
"2012-08-14",0,24.6,21.4,30.8
"2012-08-15",0,23.5,21.8,26
"2012-08-16",0,25.7,21.6,31
"2012-08-17",0,24.5,21,29.4
"2012-08-18",0,25.4,22.2,30.9
"2012-08-19",0,24.9,22.4,27.9
"2012-08-20",0,25.7,21.7,31.8
"2012-08-21",0,24.3,21,29.8
"2012-08-22",0,24.4,21.6,30
"2012-08-23",0,23.9,21,27.6
"2012-08-24",0,24.4,21.3,28.4
"2012-08-25",0,24.7,21.3,30.4
"2012-08-26",0,23.6,20.4,30.2
"2012-08-27",0,24.2,20.4,28.5
"2012-08-28",0,24.1,19.6,31
"2012-08-29",0,23.9,20.8,29.4
"2012-08-30",0,24.9,20.2,32.4
"2012-08-31",0,23.8,20.5,27
"2012-09-01",0,25.1,21.3,31.6
"2012-09-02",0,24,20.4,26.6
"2012-09-03",0,25,18.4,33.2
"2012-09-04",0,23.7,20.8,28.6
"2012-09-05",0,22.9,20.6,25.6
"2012-09-06",0,24.1,19.6,29.6
"2012-09-07",0,24.9,21,31.5
"2012-09-08",0,25.4,20,32.4
"2012-09-09",0,23.5,21.1,26.8
"2012-09-10",0,25.4,21.4,32.3
"2012-09-11",0,24.8,21.2,31
"2012-09-12",0,23.6,21.1,26
"2012-09-13",0,23.7,18,30.8
"2012-09-14",0,24.9,21.8,30.7
"2012-09-15",0,24.9,22,31.8
"2012-09-16",0,25.2,22.2,30.7
"2012-09-17",0,26.7,21.7,33.5
"2012-09-18",0,24.7,21,30.5
"2012-09-19",0,24.2,20,28.1
"2012-09-20",0,25.4,21,31.9
"2012-09-21",0,24.3,18.6,32.2
"2012-09-22",0,24.3,22.2,27.2
"2012-09-23",0,24.3,21,27.9
"2012-09-24",0,24.6,21.2,27.6
"2012-09-25",0,25.2,21.2,31.1
"2012-09-26",0,25.6,21.7,30.4
"2012-09-27",0,25.2,21.5,NA
"2012-09-28",0,26.8,21.6,33.9
"2012-09-29",0,24.3,20.6,27.6
"2012-09-30",0,25.6,21.6,31.8
"2012-09-31",NA,NA,NA,NA
"2012-10-01",0,25.9,21.4,31.2
"2012-10-02",0.1,24.8,21,29.6
"2012-10-03",0,23.8,20.6,27.9
"2012-10-04",0,25.7,20.8,32.2
"2012-10-05",0,26.3,20.9,33.8
"2012-10-06",0,25,20.7,32.4
"2012-10-07",0,25.7,21.1,32.8
"2012-10-08",0,24.7,20,29.9
"2012-10-09",0.3,22.9,20.5,25.2
"2012-10-10",0.2,23.5,19.8,27.7
"2012-10-11",0,25.9,21.2,32.6
"2012-10-12",0,26,21,31.7
"2012-10-13",0,24.9,22.2,28.6
"2012-10-14",0,25,21.2,31.5
"2012-10-15",0,23.6,21,26.2
"2012-10-16",0.1,23.9,21.2,NA
"2012-10-17",0,24.3,21.5,28.9
"2012-10-18",0,25.9,22.3,32.2
"2012-10-19",0,24.7,21.7,29.8
"2012-10-20",0,25.7,22,31
"2012-10-21",0,26.6,22.4,32.5
"2012-10-22",0,24.9,21.8,30.1
"2012-10-23",0,24.4,21.2,28.5
"2012-10-24",0,25.1,20.4,31.8
"2012-10-25",0,24.7,21.8,29.2
"2012-10-26",0.2,23.4,21.6,25.3
"2012-10-27",0,24.1,22,32.5
"2012-10-28",0,25,22.6,27.3
"2012-10-29",0,24.1,20.8,27.2
"2012-10-30",0,24.5,19.7,27.9
"2012-10-31",0,26.2,22.2,33.7
"2012-11-01",0,25.2,22.6,28.8
"2012-11-02",0,24.9,20.6,31
"2012-11-03",0,24.4,20.6,26.9
"2012-11-04",0,25.7,22.4,NA
"2012-11-05",0,NA,22.3,31.2
"2012-11-06",3,24.8,22.2,30.3
"2012-11-07",0,24.4,22,28.6
"2012-11-08",0,26.2,22,NA
"2012-11-09",0,25.8,22.3,32
"2012-11-10",0,24.7,21.4,30.2
"2012-11-11",0,25.3,20.4,32.9
"2012-11-12",0,25.2,NA,32.4
"2012-11-13",0,24.8,21.5,29.4
"2012-11-14",0.2,25.8,21.4,32.2
"2012-11-15",0.1,23.9,20,28.2
"2012-11-16",0,25.5,19,32.6
"2012-11-17",0,24.9,20.7,29.9
"2012-11-18",0,24.1,22,25.7
"2012-11-19",0,25.1,18.6,31.4
"2012-11-20",0,25.4,21.4,32
"2012-11-21",0,25,21.6,29.7
"2012-11-22",0,24,20.7,28.8
"2012-11-23",0,24.3,21,30.4
"2012-11-24",0,24.1,21.2,29.3
"2012-11-25",0.9,26.5,21.9,32.6
"2012-11-26",0.1,26.4,20.8,33.2
"2012-11-27",1,23.6,23,25
"2012-11-28",0,23.9,21,28.4
"2012-11-29",0,NA,20.7,33.2
"2012-11-30",0,25.8,21.6,29.8
"2012-11-31",NA,NA,NA,NA
"2012-12-01",0,25,22.6,28.4
"2012-12-02",0,25.5,22,28.6
"2012-12-03",0,26.5,21.2,33.4
"2012-12-04",0,25.4,22.3,29.7
"2012-12-05",0,26.1,22.1,32.6
"2012-12-06",0,24,22.4,25.6
"2012-12-07",0,25.5,21.2,31
"2012-12-08",0,25.5,22.7,NA
"2012-12-09",0,25,23,31.5
"2012-12-10",0.2,24.6,22.9,28
"2012-12-11",0,24.4,22.4,26.3
"2012-12-12",0.6,26.5,21.5,32.2
"2012-12-13",0,24.8,21.2,31.7
"2012-12-14",0,25.9,20.1,33
"2012-12-15",0,25.4,22.7,27.5
"2012-12-16",0,24.8,20.8,29.6
"2012-12-17",0,26.6,20,35.4
"2012-12-18",0,27,20.8,34.3
"2012-12-19",0,26,21.4,33.2
"2012-12-20",0,26,20.7,32.4
"2012-12-21",0,26.1,21,31.9
"2012-12-22",0,25.4,21.9,33.4
"2012-12-23",0,25,23,29.7
"2012-12-24",0,26.6,23.2,33.1
"2012-12-25",0,26.6,22.4,33.8
"2012-12-26",0,26.6,22.2,33
"2012-12-27",0,26.5,21.6,32.6
"2012-12-28",0,27.2,22.9,33.8
"2012-12-29",11.9,26.5,21.6,33.2
"2012-12-30",0.1,24.3,NA,27.6
"2012-12-31",NA,25.7,22.8,31
"2013-01-01",3.1,25.8,21,31.4
"2013-01-02",1.6,24.3,22.8,26.4
"2013-01-03",4.8,26.5,23,32.6
"2013-01-04",0,27.1,22.8,32.3
"2013-01-05",5.7,25.9,24,28.9
"2013-01-06",18.1,25,23,27.8
"2013-01-07",0.1,24.9,22.6,27.2
"2013-01-08",1.9,25.4,23.5,30
"2013-01-09",7.3,25.1,23,29
"2013-01-10",0.6,25.2,22.6,29
"2013-01-11",22,26.6,22.8,31.1
"2013-01-12",52,24.5,NA,27.7
"2013-01-13",1.7,25,22.2,29.8
"2013-01-14",15.8,24.2,22.6,26.9
"2013-01-15",2,24.7,22.7,28.2
"2013-01-16",0.9,25.5,22.8,30.1
"2013-01-17",2.3,25.2,22.9,28.7
"2013-01-18",7.7,25.6,23.1,30.3
"2013-01-19",4.4,25.4,NA,30.7
"2013-01-20",1.3,26,23.8,30.5
"2013-01-21",7.3,25.2,23.2,29.8
"2013-01-22",3.5,24.2,22.9,29.4
"2013-01-23",8.5,24.6,NA,26.4
"2013-01-24",3.5,24.5,23,26.7
"2013-01-25",1.4,26.3,23.4,30.4
"2013-01-26",16,26,24,29.4
"2013-01-27",2.7,25.8,22.6,29.2
"2013-01-28",1.7,25.5,23,29.2
"2013-01-29",1.9,26.4,23.6,30.2
"2013-01-30",49.7,26.2,24,30.5
"2013-01-31",18.5,25.8,23.2,30.8
"2013-02-01",24.7,25.3,NA,28.7
"2013-02-02",3.3,24.6,20.8,29
"2013-02-03",11.5,24.9,22.3,29.2
"2013-02-04",15.4,24.5,22.8,27.5
"2013-02-05",14.9,25.2,22.6,29.5
"2013-02-06",0,26.3,22.4,30.8
"2013-02-07",0,25.7,22.6,30.4
"2013-02-08",1.2,26.8,23.3,NA
"2013-02-09",0,25.2,22.6,28.1
"2013-02-10",0,26.7,22.4,32.6
"2013-02-11",0,27.1,23.6,32.8
"2013-02-12",0,26.3,22.3,31.2
"2013-02-13",0.5,25.6,21.2,32.4
"2013-02-14",0,25.2,21,30.1
"2013-02-15",0,25.1,21.2,33.8
"2013-02-16",9.2,26,22.3,30.6
"2013-02-17",30.9,24.9,NA,30.6
"2013-02-18",1.2,25.9,22.6,31.7
"2013-02-19",0.1,26.1,23.8,31.4
"2013-02-20",0,24.9,21.8,28.2
"2013-02-21",0.1,27.1,22.7,32.8
"2013-02-22",5.4,27.2,23.4,32.2
"2013-02-23",4.3,26.2,23.2,33.4
"2013-02-24",0,26.3,22,31.3
"2013-02-25",0.8,26,23.4,32.2
"2013-02-26",5.1,27.4,23.9,32.1
"2013-02-27",31.2,25.8,24,31.8
"2013-02-28",2.8,25.5,23.2,30
"2013-02-29",NA,NA,NA,NA
"2013-02-30",NA,NA,NA,NA
"2013-02-31",NA,NA,NA,NA
"2013-03-01",3.2,26.9,23.3,31.8
"2013-03-02",10.3,26.1,23.4,30.4
"2013-03-03",82.5,25.5,24,31
"2013-03-04",71,25.7,23.2,30.1
"2013-03-05",7,25.7,23,31
"2013-03-06",8.1,26.9,23.8,32
"2013-03-07",6.9,25.6,23.6,32.4
"2013-03-08",0,25.7,23.1,31.5
"2013-03-09",0.1,26.4,23.8,30.1
"2013-03-10",1.1,27.1,24.6,31.6
"2013-03-11",10,26.6,23.8,29.6
"2013-03-12",11.7,26.1,24.2,32.4
"2013-03-13",7.3,26.7,23.6,NA
"2013-03-14",3.9,25.8,23.4,31.6
"2013-03-15",65.8,26.4,23.6,32
"2013-03-16",2.5,25.1,23.2,28
"2013-03-17",0.3,26.5,23.1,31
"2013-03-18",0,26.5,23.9,30
"2013-03-19",2,27.1,24,31
"2013-03-20",0,25.9,22.6,30.2
"2013-03-21",0,26.6,23.1,31.8
"2013-03-22",0,26.6,22.8,32.4
"2013-03-23",5.6,26,23,28.8
"2013-03-24",2.1,26.9,23,31.4
"2013-03-25",1.7,26.4,23.6,32.9
"2013-03-26",0.6,25.6,23.4,28.8
"2013-03-27",7.1,26.6,23.2,32.5
"2013-03-28",23.2,26.6,23,32.7
"2013-03-29",12.3,25.4,24.3,28.5
"2013-03-30",24.5,25.8,23.8,30.9
"2013-03-31",0,26.4,23,30.6
"2013-04-01",0.1,26.5,23.1,31.3
"2013-04-02",0,26.6,23.4,NA
"2013-04-03",19.2,26.7,22.6,31.6
"2013-04-04",16.2,26.7,22,31.8
"2013-04-05",0,25.3,22.4,31.7
"2013-04-06",0,25.8,22.9,31
"2013-04-07",2.5,24.9,23,29.9
"2013-04-08",21.4,26.1,23.6,NA
"2013-04-09",1.7,NA,23,31.5
"2013-04-10",9.7,25.4,23.2,31.8
"2013-04-11",0.1,26.6,23.3,32
"2013-04-12",7.2,26.8,23.6,32.3
"2013-04-13",1.9,24.5,22.8,26.2
"2013-04-14",2.1,26.7,23,33.3
"2013-04-15",0,25.9,22.8,32.5
"2013-04-16",0.2,26.6,23.3,31.6
"2013-04-17",6.2,26.8,20.8,31.2
"2013-04-18",0,25.6,22.8,29.8
"2013-04-19",21.1,26.4,23.6,32.5
"2013-04-20",0,25.7,22.8,30.6
"2013-04-21",0.1,26.3,23.4,32.1
"2013-04-22",0,25.5,23.2,30.1
"2013-04-23",0.1,25,22.4,30
"2013-04-24",0,25.3,22.2,28.9
"2013-04-25",0.2,25.3,22.8,28.7
"2013-04-26",0.2,24.9,22,32.3
"2013-04-27",0,25.8,22.2,31
"2013-04-28",1,25.9,22.9,29.7
"2013-04-29",0,26.3,21.7,31.8
"2013-04-30",0,24.7,21.8,28
"2013-04-31",NA,NA,NA,NA
"2013-05-01",0.4,25,21.7,30.1
"2013-05-02",0,26.1,21.6,31.4
"2013-05-03",0.1,25.3,21.8,30.3
"2013-05-04",5.4,24,22.2,26.5
"2013-05-05",0.4,23.6,21.4,25.8
"2013-05-06",0.1,26.1,22.9,32.6
"2013-05-07",0,25.3,22.2,30.9
"2013-05-08",2.1,24.6,21.9,29
"2013-05-09",0.3,25.1,21.3,NA
"2013-05-10",1.6,24.8,21.6,29
"2013-05-11",0.2,24.8,22.6,28.9
"2013-05-12",0,25.2,21.2,28.2
"2013-05-13",0,26.3,21.4,31.1
"2013-05-14",0,25.8,22,30.6
"2013-05-15",0.5,25.1,22.6,30.2
"2013-05-16",0.3,24.9,22,30.6
"2013-05-17",0,25.8,21.2,30.4
"2013-05-18",0,26.5,22.6,31.9
"2013-05-19",0,25.3,20.6,31.8
"2013-05-20",0,24.3,22,27.8
"2013-05-21",0.8,23.6,21,29.4
"2013-05-22",0.3,23.3,21.4,24.8
"2013-05-23",0,24.5,21.4,29.6
"2013-05-24",0.2,25.8,21.2,31.7
"2013-05-25",0.3,24.9,21.4,29.7
"2013-05-26",0,24.6,22,27.5
"2013-05-27",0,25,22.2,27.5
"2013-05-28",1,25.1,22.4,28
"2013-05-29",0.6,25.3,22.4,29.5
"2013-05-30",1.3,23.9,21.6,NA
"2013-05-31",0.1,25.2,21.2,28.8
"2013-06-01",0,25.3,21.8,30.4
"2013-06-02",0,26,22.4,29.4
"2013-06-03",0.2,25.1,22.6,27.6
"2013-06-04",1.9,23.6,21.9,25
"2013-06-05",0,25.5,21.6,30
"2013-06-06",0,25.3,20.3,NA
"2013-06-07",0.4,25.9,22.2,29.5
"2013-06-08",0,25.5,22,NA
"2013-06-09",0,25.9,21.6,31.8
"2013-06-10",0,25.7,22.2,30.3
"2013-06-11",0,24.9,21.8,27.6
"2013-06-12",0,25.7,21.6,28.6
"2013-06-13",0,25.8,22.6,29.7
"2013-06-14",0,25.1,21.8,NA
"2013-06-15",0,26,21.2,NA
"2013-06-16",0.3,24.7,21.9,27.8
"2013-06-17",0,24.8,22,27.5
"2013-06-18",0,25.1,21.8,28.8
"2013-06-19",0,25.5,20.8,31.8
"2013-06-20",0,24.4,20.6,NA
"2013-06-21",0,24.4,21.4,27.2
"2013-06-22",0,24.7,20.6,29.9
"2013-06-23",0,25.2,20.2,30.4
"2013-06-24",0,24.7,20.8,30.7
"2013-06-25",0,24.4,21.4,26.8
"2013-06-26",0,25.3,21.2,30
"2013-06-27",0,24.6,21.6,29.4
"2013-06-28",0,25,20.8,31.4
"2013-06-29",0,23.5,21.2,27.4
"2013-06-30",0.5,23.8,20.4,26
"2013-06-31",NA,NA,NA,NA
"2013-07-01",0.4,22.7,20.5,25.4
"2013-07-02",0,24,21,28.4
"2013-07-03",0,23.9,21,29.2
"2013-07-04",0,24,20,28
"2013-07-05",0,25.4,21.4,28.8
"2013-07-06",0,23.9,21.8,NA
"2013-07-07",0,24.6,20.8,28.7
"2013-07-08",0,25.3,20.2,31.4
"2013-07-09",0.2,25.7,20,31.6
"2013-07-10",0,NA,20.2,26.5
"2013-07-11",0,24.8,21.2,28.6
"2013-07-12",0,24.2,20.8,28.4
"2013-07-13",0,24.3,20.6,28.6
"2013-07-14",0,24.9,20.8,30
"2013-07-15",0,24.6,20.2,29.6
"2013-07-16",0,24.4,21.6,27.4
"2013-07-17",0,24,20.2,30.6
"2013-07-18",0,25.5,21,NA
"2013-07-19",0,24.4,20.7,26.7
"2013-07-20",0,24.9,19.8,31.4
"2013-07-21",0,23.8,20,26.2
"2013-07-22",0,23.7,20.4,NA
"2013-07-23",0.6,23,20,25.8
"2013-07-24",0,24.2,20.6,29.4
"2013-07-25",0,24.9,21,29
"2013-07-26",0,25.5,21.1,32.8
"2013-07-27",0,23.7,21,28
"2013-07-28",0,23.6,20.2,26.8
"2013-07-29",0,24.7,20.6,31
"2013-07-30",0,23.9,21,28.2
"2013-07-31",0,25.5,20,30.2
"2013-08-01",0,24.4,20.7,31
"2013-08-02",0,23.9,20.6,26.8
"2013-08-03",0,25.3,20.7,32.5
"2013-08-04",0.1,23.9,20.8,29.1
"2013-08-05",0,23.8,19.7,26.8
"2013-08-06",0,23.9,21,28.8
"2013-08-07",0,24.7,21,31
"2013-08-08",0,24.1,21.6,28.6
"2013-08-09",0,25.1,21.2,29.6
"2013-08-10",0,24.1,21.1,NA
"2013-08-11",0,24.4,21,30.9
"2013-08-12",0,25,21.1,28.4
"2013-08-13",0.2,23.4,21,NA
"2013-08-14",0,23.2,20.2,26.7
"2013-08-15",0,24.2,20,29.8
"2013-08-16",0,24.2,20.4,30.8
"2013-08-17",0,24.8,20.6,30.6
"2013-08-18",0,25.4,20.8,32.8
"2013-08-19",0,25.7,20.4,34.2
"2013-08-20",0,24.5,22,29.2
"2013-08-21",0,24.2,20,27.9
"2013-08-22",0,24.5,21,29
"2013-08-23",0,24.2,20.2,29.4
"2013-08-24",0,25,17.8,33.2
"2013-08-25",0,25.1,21.5,30.2
"2013-08-26",0.2,24.3,20.2,30.8
"2013-08-27",0,22.5,19.6,24.6
"2013-08-28",0,24.1,19.8,29.7
"2013-08-29",0,25.5,21,NA
"2013-08-30",0,25,20.8,31.6
"2013-08-31",0,24.5,19.4,32.2
"2013-09-01",0,24.3,20.4,29.6
"2013-09-02",0,24.6,19.6,31.1
"2013-09-03",0,24,21.4,26.4
"2013-09-04",0,24.4,19.2,30.8
"2013-09-05",0,24.6,19.6,30
"2013-09-06",0,24.7,20.6,31
"2013-09-07",0,24.3,21.1,27.2
"2013-09-08",0,25.9,20.4,32.1
"2013-09-09",0,25.6,21.6,30.2
"2013-09-10",0,25.4,21.4,30.8
"2013-09-11",0,25.3,21,31.8
"2013-09-12",0,24.6,20.8,31
"2013-09-13",0,24.1,21,29.2
"2013-09-14",0,24.7,20.8,31
"2013-09-15",0,25.4,21.2,32.4
"2013-09-16",0,24.7,21,31.7
"2013-09-17",0,25,20.1,33.3
"2013-09-18",0,25.3,20.6,30.8
"2013-09-19",0,24.9,21,28.7
"2013-09-20",0,26.2,22.4,31
"2013-09-21",0,26.5,22.8,33.1
"2013-09-22",0,25.3,20.6,30.6
"2013-09-23",0,25.1,21.2,31.3
"2013-09-24",0,25.6,22.5,NA
"2013-09-25",0,25,22.4,30.2
"2013-09-26",0,25.3,20,33
"2013-09-27",0,26.1,21.4,31.8
"2013-09-28",0,25.6,21.8,32.2
"2013-09-29",0,25.1,22,28.6
"2013-09-30",0,24.9,20.7,29.9
"2013-09-31",NA,NA,NA,NA
"2013-10-01",0,24.6,22,27.6
"2013-10-02",0,24.2,21.2,28.8
"2013-10-03",0,25.7,20,NA
"2013-10-04",0,23.2,19.8,NA
"2013-10-05",0,25.3,20.6,30.2
"2013-10-06",0,25.6,20.4,34.6
"2013-10-07",0,25.8,21,31.9
"2013-10-08",0,24.8,20.1,29.8
"2013-10-09",0,25.6,21,32.4
"2013-10-10",0,26.3,20.8,32.6
"2013-10-11",0,25.7,21.6,32.5
"2013-10-12",0.5,23.1,20.4,24.8
"2013-10-13",0,24.2,20.1,28.2
"2013-10-14",2.7,23.8,19.6,26
"2013-10-15",0.2,24,20.2,NA
"2013-10-16",0,23.2,21.6,25.6
"2013-10-17",0,24.7,21,NA
"2013-10-18",0,24.1,21.4,26.8
"2013-10-19",0,25,21.5,29.6
"2013-10-20",0,24.6,20.6,27.2
"2013-10-21",0,24.9,21.2,28.2
"2013-10-22",0,24.7,20,29.5
"2013-10-23",0,24.5,21,27.3
"2013-10-24",0,26.1,21.8,32.7
"2013-10-25",0,25.4,21.9,30.2
"2013-10-26",0,25,22.1,29.2
"2013-10-27",0.5,25.7,22.9,31.5
"2013-10-28",0,26,21.8,30
"2013-10-29",0.2,25.6,22.4,31
"2013-10-30",0.1,25.6,20.6,31.2
"2013-10-31",0,24.9,21.2,29.3
"2013-11-01",0,25.2,21.6,30
"2013-11-02",0,25.8,22,32.4
"2013-11-03",0,25.6,21.8,32.6
"2013-11-04",0.8,24.6,22.6,27.7
"2013-11-05",0.3,24.3,21,27.4
"2013-11-06",0,26,21.6,30.9
"2013-11-07",0,25.1,20.1,30.4
"2013-11-08",0,25.7,20,31.9
"2013-11-09",0,24.7,22,30.6
"2013-11-10",0,25.4,21.4,29.8
"2013-11-11",0,25.3,22.4,30.4
"2013-11-12",0,25.7,19.6,32.4
"2013-11-13",0,24.3,20.8,27.5
"2013-11-14",0,25.7,21.2,31.2
"2013-11-15",0,26,21,31.3
"2013-11-16",0,24.8,21.2,31.9
"2013-11-17",0,26.6,22,31.5
"2013-11-18",0,25.7,20.7,31
"2013-11-19",0,25.5,21.2,30.3
"2013-11-20",0,26.4,21.8,30.4
"2013-11-21",0,24.2,20.2,31.3
"2013-11-22",0,25.3,21.8,32.2
"2013-11-23",0,25.7,22.2,30.1
"2013-11-24",0,25.2,21.9,29.1
"2013-11-25",0,26,21.7,30.6
"2013-11-26",0,24.4,19.8,26.4
"2013-11-27",0,26.4,19.8,34.2
"2013-11-28",0,25.5,19.9,30.2
"2013-11-29",0,25.5,18,33.4
"2013-11-30",0,24,20.8,27.4
"2013-11-31",NA,NA,NA,NA
"2013-12-01",0,24.4,18.8,30.2
"2013-12-02",0,26.3,20.4,34
"2013-12-03",0,23.9,19,26.6
"2013-12-04",0.2,25.7,20.2,30.3
"2013-12-05",0,NA,21.4,NA
"2013-12-06",0,NA,NA,NA
"2013-12-07",0,24.9,21.2,29
"2013-12-08",0.2,24.9,20.7,31.9
"2013-12-09",0.3,25.5,20.2,30.9
"2013-12-10",0,25.7,20.3,32.8
"2013-12-11",0,26.4,20.7,32.4
"2013-12-12",0,25.7,NA,32.2
"2013-12-13",0,26.9,20,33.6
"2013-12-14",0,25,20,30.7
"2013-12-15",18,26.9,21,34.2
"2013-12-16",0.8,24.1,20.1,29.1
"2013-12-17",0.8,26.3,22,32.6
"2013-12-18",0,26.1,21,32.2
"2013-12-19",0,26.1,22.5,31.4
"2013-12-20",0,24.9,22.5,27.8
"2013-12-21",0,26.5,20.3,33
"2013-12-22",0,26.3,19.4,32.8
"2013-12-23",0,26,22.7,29.2
"2013-12-24",0,26.2,22.2,32.8
"2013-12-25",0,27.1,21.2,33.9
"2013-12-26",0,24.9,22.6,27.5
"2013-12-27",0,25.5,23.1,29.7
"2013-12-28",0,26.7,22.9,31.2
"2013-12-29",0.3,25.8,22.6,30.6
"2013-12-30",1.1,24.9,21,28.6
"2013-12-31",NA,24.5,22,27.9
"2014-01-01",0,25.5,22.3,30
"2014-01-02",0,25.6,21.6,29.8
"2014-01-03",0,26.5,22.6,30.8
"2014-01-04",5.1,27,22.2,32.2
"2014-01-05",0.2,25.4,23,28.4
"2014-01-06",29.1,26.1,23,30.2
"2014-01-07",0.9,25.4,20.8,28.7
"2014-01-08",0.7,26.7,23,32
"2014-01-09",0.2,26.3,23,30.1
"2014-01-10",0,25.3,22.6,28.6
"2014-01-11",0,25.7,21.6,29.6
"2014-01-12",0,25.6,23.4,28.4
"2014-01-13",0.1,26.7,21.8,31.4
"2014-01-14",5.1,26.2,22.2,31.9
"2014-01-15",9,26.1,23,31.2
"2014-01-16",4.1,25.2,22.6,29.2
"2014-01-17",9.2,24.9,23,28
"2014-01-18",32,24.4,22.9,27.6
"2014-01-19",0.9,25.5,21.6,30.1
"2014-01-20",7.9,26.1,22.2,29.6
"2014-01-21",9.5,25.7,21.8,31.1
"2014-01-22",9.1,26,22.9,30.2
"2014-01-23",0.6,25.5,20.6,31.4
"2014-01-24",1.5,26.4,23.2,30.6
"2014-01-25",63,26.5,22.4,31.6
"2014-01-26",1.4,25.3,22.2,28.9
"2014-01-27",0,26.4,21.4,32.2
"2014-01-28",4.6,26.3,22.9,29.7
"2014-01-29",0.7,24.9,21.6,28.4
"2014-01-30",1.3,25.8,21.8,30.2
"2014-01-31",13.4,26.1,22.6,31.6
"2014-02-01",17.5,26.3,21.2,32.1
"2014-02-02",0,26.5,22.8,30.6
"2014-02-03",0,26.6,22.5,31.6
"2014-02-04",4.8,26.5,22,31.4
"2014-02-05",0,26.2,21.8,30.8
"2014-02-06",0,NA,23.2,32.8
"2014-02-07",0,26,22.8,29.9
"2014-02-08",0.7,25.9,23.2,29.6
"2014-02-09",0,26.1,22.2,30.4
"2014-02-10",9.7,25.6,21,27.4
"2014-02-11",0.3,26.8,22.2,31.8
"2014-02-12",0.1,26.4,23,31.6
"2014-02-13",17.7,25.7,22.4,31.2
"2014-02-14",0,26.5,21.6,32.7
"2014-02-15",0.4,26.7,23,30.2
"2014-02-16",3.5,27,22.8,NA
"2014-02-17",12.7,24.5,23,26
"2014-02-18",5,24.7,21.6,27.5
"2014-02-19",0.3,25.3,22.9,30.5
"2014-02-20",7.6,25,23.1,27.4
"2014-02-21",2.1,25.5,22,29.9
"2014-02-22",0.7,26.3,21.4,30.4
"2014-02-23",1.1,26.4,23,30.3
"2014-02-24",75,25.4,22.5,30.7
"2014-02-25",28.1,25.1,20.8,30
"2014-02-26",0,26.2,20.6,32.2
"2014-02-27",0,25.6,22.7,27.4
"2014-02-28",12.8,26.8,22.7,31.6
"2014-02-29",NA,NA,NA,NA
"2014-02-30",NA,NA,NA,NA
"2014-02-31",NA,NA,NA,NA
"2014-03-01",6.8,26,23,31.9
"2014-03-02",14.4,26.3,21,30.2
"2014-03-03",0,27,22.9,33.4
"2014-03-04",0,26.8,21.2,32.7
"2014-03-05",0,26.7,22.9,33
"2014-03-06",0,26.7,22.4,31.4
"2014-03-07",NA,26.9,21.6,32.4
"2014-03-08",NA,25.6,20.6,30.2
"2014-03-09",0,26,21.6,NA
"2014-03-10",0.4,27,22,32.8
"2014-03-11",0,27.6,23,32
"2014-03-12",0,26.3,21.2,31.9
"2014-03-13",0,27.1,21.8,32
"2014-03-14",0,27.1,22,32.6
"2014-03-15",0,26,21.8,31
"2014-03-16",0,26.8,21.2,32.4
"2014-03-17",1.6,26.7,21.8,32
"2014-03-18",0,26.6,22,31.9
"2014-03-19",4.3,26.1,19.4,32.1
"2014-03-20",0,26.5,20.4,32.4
"2014-03-21",2.7,27.5,21.6,32
"2014-03-22",0,27.9,21.6,33.7
"2014-03-23",67.9,27,23,30.9
"2014-03-24",0,26.7,22,31.3
"2014-03-25",23.2,27.2,22.4,34
"2014-03-26",0,26.7,21,32.6
"2014-03-27",0,26.5,21.6,29.4
"2014-03-28",0,26.7,22.8,30.6
"2014-03-29",0,25.9,20.8,31.2
"2014-03-30",0,25,22.8,27.6
"2014-03-31",0,27.7,21.4,33.8
"2014-04-01",6.1,27.3,22,31.4
"2014-04-02",0,26.9,22.8,31.6
"2014-04-03",0,26.4,22,30.1
"2014-04-04",1.7,26.7,22.2,31.2
"2014-04-05",2.8,27.1,23,31.8
"2014-04-06",0.6,25.5,22.4,28.6
"2014-04-07",3.4,26.3,21.6,30.1
"2014-04-08",0.6,26.9,22.6,32
"2014-04-09",7.9,27,23,31
"2014-04-10",0.4,26.5,22.8,31.1
"2014-04-11",3.7,25.1,23.2,26.4
"2014-04-12",0.1,25.2,21.8,27.8
"2014-04-13",0,25.9,22,30.3
"2014-04-14",0,26.2,22.2,29.9
"2014-04-15",1.5,25.5,22.4,28.3
"2014-04-16",0.1,26.7,21.8,31.6
"2014-04-17",0,26.8,22.4,31
"2014-04-18",0,26.3,21.2,32.6
"2014-04-19",0,25.9,22.8,30.2
"2014-04-20",0.7,26.8,22.2,31.4
"2014-04-21",2.4,26,23,30.9
"2014-04-22",0.2,26.1,22.2,31
"2014-04-23",1.4,27.1,23,31.5
"2014-04-24",0.2,26.6,22,30.8
"2014-04-25",4.4,25.9,21.8,29.3
"2014-04-26",0.5,26.3,21.9,32.4
"2014-04-27",0,27.3,21,33
"2014-04-28",2.5,25.9,23,27.9
"2014-04-29",7.3,25.5,21.8,28.2
"2014-04-30",7.8,27.4,21.4,32.4
"2014-04-31",NA,NA,NA,NA
"2014-05-01",14.3,25.4,22,28.8
"2014-05-02",0,25.7,22,30.4
"2014-05-03",2.2,26,22.2,32
"2014-05-04",0,27.2,23,32.6
"2014-05-05",2.1,25.2,22.6,27.2
"2014-05-06",1.5,25.7,22.2,28.8
"2014-05-07",6.9,27.1,22,32.4
"2014-05-08",7.4,25.8,22.8,29.5
"2014-05-09",0,26.5,22.4,31
"2014-05-10",0,25.7,22,29.8
"2014-05-11",0,26.8,19.8,32.6
"2014-05-12",0,26.7,20.8,33.8
"2014-05-13",0.5,24.8,21.2,27
"2014-05-14",7.2,NA,21,30.8
"2014-05-15",0,26.3,21.4,31.1
"2014-05-16",0.4,26.2,21.8,31.6
"2014-05-17",8.7,25,NA,32.6
"2014-05-18",0,26.1,22,31.7
"2014-05-19",3.1,26.9,21.5,30.8
"2014-05-20",0,26.5,22.2,30.8
"2014-05-21",0,27.1,22.4,32.8
"2014-05-22",0.3,27.2,23,30.4
"2014-05-23",0,27,22,32
"2014-05-24",0.3,27,23,31
"2014-05-25",0,26.7,22.2,30
"2014-05-26",0.2,26.6,21.2,30.2
"2014-05-27",0,26.5,22.4,31
"2014-05-28",27.2,24.9,21.2,30.8
"2014-05-29",0,27.6,22.2,30.4
"2014-05-30",0,26.1,21.4,30.2
"2014-05-31",8,25.4,22,31.2
"2014-06-01",14.9,26.1,21.8,31.9
"2014-06-02",0,26.5,21.2,33
"2014-06-03",1.7,26.7,22.6,31.2
"2014-06-04",0,27.1,22.6,31.4
"2014-06-05",0,26.1,21.2,30.8
"2014-06-06",4,26.4,21.2,30.5
"2014-06-07",0,26,21.6,29.4
"2014-06-08",1.4,26.7,21.8,31
"2014-06-09",0.1,26.3,21.8,30.8
"2014-06-10",0.4,26.2,22,31
"2014-06-11",0,25.9,22.4,30.4
"2014-06-12",0,25.7,22.2,28
"2014-06-13",0,26.3,22,29.6
"2014-06-14",0,25.5,21.6,29
"2014-06-15",0,26.3,20.4,31.7
"2014-06-16",0,25.8,21,31.4
"2014-06-17",0,26.7,20.4,32.6
"2014-06-18",0,26.7,21.3,31
"2014-06-19",0,27.4,21.2,33.5
"2014-06-20",0,25.9,22,31
"2014-06-21",0,26,20.4,31.6
"2014-06-22",0,24.9,21,30.4
"2014-06-23",0,26,21.8,28.6
"2014-06-24",0.8,25.4,19.4,30.4
"2014-06-25",0,25.6,20.8,29.4
"2014-06-26",0,25.3,21.8,29
"2014-06-27",0,26.9,21,32.2
"2014-06-28",7.8,25.7,21.6,30
"2014-06-29",0,25.5,21,29
"2014-06-30",0,25.5,19.2,33
"2014-06-31",NA,NA,NA,NA
"2014-07-01",0,25.6,19.4,30.2
"2014-07-02",0,25.7,20.5,30.4
"2014-07-03",0,26.1,20.4,29.8
"2014-07-04",0,26.8,21.4,30.7
"2014-07-05",0.3,25.7,19.8,29.4
"2014-07-06",0.7,25.9,20.6,31.4
"2014-07-07",0,26.3,21.6,31.6
"2014-07-08",0.6,26.5,21.8,33.2
"2014-07-09",0.1,26,21.6,29.2
"2014-07-10",0,27.6,21.4,33.4
"2014-07-11",0,25.2,22.2,30.8
"2014-07-12",0,26.5,19.8,33.8
"2014-07-13",0,25.4,21.6,28.8
"2014-07-14",0,25.1,21.2,27.8
"2014-07-15",0,25.1,20.8,27.8
"2014-07-16",0,26.1,21.4,31.8
"2014-07-17",0,25.9,20.9,31
"2014-07-18",0,25.3,20.8,31.9
"2014-07-19",0,26.4,21.2,31.3
"2014-07-20",0,26.3,20.4,31.4
"2014-07-21",0,25.2,18.6,32
"2014-07-22",0,25,19.4,28.8
"2014-07-23",0,25.8,20.1,30.9
"2014-07-24",0,25.4,19.8,29.6
"2014-07-25",0,24.4,18.4,30.2
"2014-07-26",0,26.3,19.6,33.4
"2014-07-27",0,26.2,21.6,31
"2014-07-28",0,25.7,21,31.8
"2014-07-29",0,25,20.2,31.9
"2014-07-30",0,24.3,20.8,28.2
"2014-07-31",0,25.1,20.4,30.6
"2014-08-01",0,24.3,20.6,27.2
"2014-08-02",0,26.3,20.2,33
"2014-08-03",0,24.5,20.2,29.8
"2014-08-04",1.5,25.7,21.2,30
"2014-08-05",0,26.1,21,31
"2014-08-06",0,26.6,20.2,33.8
"2014-08-07",0,25.9,20,33.1
"2014-08-08",0,26.1,20.8,31.6
"2014-08-09",0,25.1,21.4,29.2
"2014-08-10",0,25.2,20.9,29.6
"2014-08-11",0,25.7,21,30
"2014-08-12",0,25.6,21.5,30.2
"2014-08-13",0,25.8,21.4,29.8
"2014-08-14",0,25.7,20,30.6
"2014-08-15",0,25.4,21,29.8
"2014-08-16",0,26.3,21.2,33.4
"2014-08-17",0,25.8,21.6,29
"2014-08-18",0,25.4,21.4,28.2
"2014-08-19",0.3,25.4,20.6,29.8
"2014-08-20",0,25.9,20.2,31.2
"2014-08-21",0,25.7,20.7,30.6
"2014-08-22",0,24.9,21,28.4
"2014-08-23",0,24.8,20.3,30.2
"2014-08-24",0,24.2,20.6,28.8
"2014-08-25",0,24.5,20.2,30.1
"2014-08-26",0,24.4,20,29.8
"2014-08-27",0,25.2,18.8,31.8
"2014-08-28",0,24.9,20.2,31.7
"2014-08-29",0,25.8,20.2,30.2
"2014-08-30",0,26.5,20.6,33.4
"2014-08-31",0,25.6,20.8,32.7
"2014-09-01",0,25.4,19.6,31.2
"2014-09-02",0,24.4,18.8,27.8
"2014-09-03",0,25.1,18,31.9
"2014-09-04",0,25.1,19.2,29.9
"2014-09-05",0,24.4,18,30.8
"2014-09-06",0,26.1,19.8,30.2
"2014-09-07",0,24.6,20.7,27.6
"2014-09-08",0,24,19,26.8
"2014-09-09",0,25.3,19.6,32
"2014-09-10",0,24.7,18,30.6
"2014-09-11",0,25,20,29.4
"2014-09-12",0,23.7,18.6,26.2
"2014-09-13",0,26.2,20.2,32.7
"2014-09-14",0,26,18.4,30.5
"2014-09-15",0.3,25.3,21.1,30
"2014-09-16",0.1,27.2,21,33.3
"2014-09-17",0,24.8,21.5,NA
"2014-09-18",0,26.1,20,33
"2014-09-19",0,26.9,21.4,33.1
"2014-09-20",0,25.1,22,28.8
"2014-09-21",0,24.6,20.7,26.6
"2014-09-22",0,24.8,20.4,27.4
"2014-09-23",0,25.2,21,28
"2014-09-24",0,24.5,20.4,30
"2014-09-25",0,24.7,19.8,30.4
"2014-09-26",0,24.7,20.8,28.4
"2014-09-27",0,25.4,20.8,30.2
"2014-09-28",0,26.5,20.6,34
"2014-09-29",0,25.4,20.8,31.2
"2014-09-30",0,25,18,30
"2014-09-31",NA,NA,NA,NA
"2014-10-01",0,25.4,17.8,33.9
"2014-10-02",0,26.5,21.2,33.4
"2014-10-03",0,25.4,17,33
"2014-10-04",0,26,20.2,31.8
"2014-10-05",0,26.4,21,32.2
"2014-10-06",0,25.7,20.8,30.6
"2014-10-07",0,25.7,19.2,31.6
"2014-10-08",0,25,20.6,30.6
"2014-10-09",0,26,20.8,32.4
"2014-10-10",0.4,26.1,21.4,30.7
"2014-10-11",0,25.4,20.8,30.6
"2014-10-12",0,25.5,21,28.2
"2014-10-13",0,25.7,19.6,32.4
"2014-10-14",0,26.5,20.4,33.4
"2014-10-15",0,25.8,21.2,30.4
"2014-10-16",0,24.8,21.4,27.9
"2014-10-17",0,25.7,21.8,28.3
"2014-10-18",12.6,26.8,19.8,32.8
"2014-10-19",0,25.6,20,32.4
"2014-10-20",0,24.9,20.4,28.2
"2014-10-21",0,25.9,20.8,30.9
"2014-10-22",0,24.7,21.6,27.8
"2014-10-23",0,26.3,21.6,30.4
"2014-10-24",0,25.9,21.6,30
"2014-10-25",0,26.1,21.8,31.1
"2014-10-26",0,24.9,21.2,27.8
"2014-10-27",0,24.9,19.8,30.8
"2014-10-28",0,26,20.8,31.4
"2014-10-29",0,26,20.2,30.2
"2014-10-30",0,26.7,20.4,32.6
"2014-10-31",0,26.1,20.8,31.2
"2014-11-01",0,26.2,18.8,32.4
"2014-11-02",0,25.5,20.8,28.8
"2014-11-03",0,26.4,21.8,32.8
"2014-11-04",0,24.5,19.2,28
"2014-11-05",0,24.9,19.2,30.1
"2014-11-06",0,26.5,20.6,32
"2014-11-07",0,27.1,21.4,32.2
"2014-11-08",0,25.6,19.8,31.8
"2014-11-09",0,25.7,17.6,34
"2014-11-10",0,25.9,20.6,30.6
"2014-11-11",0,25.5,20.8,30.4
"2014-11-12",0,25.5,20.8,29.6
"2014-11-13",0,24.9,20.6,30.2
"2014-11-14",0,25.8,17.8,31.8
"2014-11-15",0,25.5,17.6,32.6
"2014-11-16",0,25.4,21.2,29.2
"2014-11-17",0,24.6,21,27.2
"2014-11-18",0,23.8,20,26.5
"2014-11-19",0,25.8,18.6,32.3
"2014-11-20",0,24.4,20.6,31.2
"2014-11-21",0,25.1,21,28.4
"2014-11-22",0,25.3,18.4,30.4
"2014-11-23",0,25.7,21.2,29.8
"2014-11-24",1,24.8,19,27.2
"2014-11-25",0,26.4,20,32.2
"2014-11-26",0,24.7,20,28.2
"2014-11-27",0,25.3,17.6,32.4
"2014-11-28",0,25.4,21.8,29.4
"2014-11-29",0,27.1,21,34.2
"2014-11-30",0,25.9,21.2,31.2
"2014-11-31",NA,NA,NA,NA
"2014-12-01",0,26.7,20.8,32.8
"2014-12-02",0,26.5,21,37
"2014-12-03",0,26.1,20.8,30
"2014-12-04",20,26.9,19.6,33.5
"2014-12-05",0.9,24.7,20.2,27.8
"2014-12-06",0,26.1,21.4,30.6
"2014-12-07",0,25.1,21,28
"2014-12-08",0,24.8,20.9,27.9
"2014-12-09",0,26.3,21,31.2
"2014-12-10",0.3,25.5,20.8,29.7
"2014-12-11",0,25.9,20,29.8
"2014-12-12",0,26.1,19.2,32
"2014-12-13",0,25.6,21.4,NA
"2014-12-14",0,25.3,20.4,31.4
"2014-12-15",0,26.5,20.2,33.6
"2014-12-16",0,26.6,22.4,29.2
"2014-12-17",0,26.6,21,32.8
"2014-12-18",0,26.6,21.2,33.2
"2014-12-19",0,25.9,19.6,32
"2014-12-20",0,24.7,21.2,30
"2014-12-21",0,25.2,19.4,30.4
"2014-12-22",0,25.6,17.8,31.6
"2014-12-23",0,26.2,19.7,33.5
"2014-12-24",0,24.7,20,32.8
"2014-12-25",0,24.7,19.6,32.8
"2014-12-26",0.1,25.3,21.2,31.4
"2014-12-27",0,26.1,20.8,32
"2014-12-28",0,25.6,22,31.2
"2014-12-29",0.1,26.5,21.8,30.7
"2014-12-30",0.2,26.4,22,31.8
"2014-12-31",1.8,27.2,21.6,32.6
"2015-01-01",0.2,24.5,22.4,27.2
"2015-01-02",0.8,26.5,21.8,30.6
"2015-01-03",0.7,25.7,21.8,29.4
"2015-01-04",0.9,25.3,22,27.5
"2015-01-05",0,26.8,21,32.1
"2015-01-06",15.8,26.2,22.4,30.6
"2015-01-07",0,25.8,21.4,30.4
"2015-01-08",0,26.7,21.4,31.1
"2015-01-09",12.7,26.3,21.8,NA
"2015-01-10",0,25.8,21.2,30
"2015-01-11",0,26.3,21.8,30.4
"2015-01-12",2.6,27.1,21.2,31.6
"2015-01-13",0.4,26.2,21,29.8
"2015-01-14",0,26.7,21.4,31.4
"2015-01-15",4.7,26.7,21.8,30.8
"2015-01-16",1.7,26.5,21,30.6
"2015-01-17",0,26.5,21.4,31.8
"2015-01-18",0,23.3,21.2,32.6
"2015-01-19",6.3,26.6,22.4,32.2
"2015-01-20",4.4,25.2,21,29.4
"2015-01-21",1.5,26.4,20.2,31
"2015-01-22",0,25.8,20.8,29.4
"2015-01-23",0,26.6,19.8,32
"2015-01-24",11.6,26,20.9,31.8
"2015-01-25",0,26.8,21.4,32
"2015-01-26",5.8,19.1,19.8,30.2
"2015-01-27",11.8,24.5,21.6,27.1
"2015-01-28",0.5,25.9,20.2,31.6
"2015-01-29",25.6,26.1,22.6,30.1
"2015-01-30",0.3,26,21,31.2
"2015-01-31",0,26.7,20.6,32
"2015-02-01",0.7,26.3,20.6,30.4
"2015-02-02",0,25.8,21,33.8
"2015-02-03",2,26.9,21.4,32.4
"2015-02-04",1,25.1,20.8,30.8
"2015-02-05",2.1,25.5,21.4,31.3
"2015-02-06",76.1,25.9,20.9,32
"2015-02-07",1.1,23.9,20.6,27.6
"2015-02-08",1.4,26.1,11.6,30.2
"2015-02-09",0.4,27.3,21.4,32.6
"2015-02-10",0,26.3,26.2,32
"2015-02-11",0,NA,20.8,NA
"2015-02-12",1.4,24.5,22.8,30.2
"2015-02-13",4.9,26.5,23.2,30.4
"2015-02-14",23.6,26.3,22.2,32.8
"2015-02-15",0.5,24.9,21,29.2
"2015-02-16",0.4,26.9,23,32.9
"2015-02-17",4.5,26.5,22.9,31
"2015-02-18",0,26.3,23.1,31.8
"2015-02-19",0,26.4,23.4,30.9
"2015-02-20",0,26.4,22,33.6
"2015-02-21",0,27.5,22.6,33.6
"2015-02-22",0.3,25.8,24.6,30.4
"2015-02-23",0,26.9,22.8,31
"2015-02-24",0.5,27,23,31
"2015-02-25",17,27.1,22.2,32.4
"2015-02-26",24,24.7,23,29
"2015-02-27",15.7,24.9,23.2,28.4
"2015-02-28",12.8,26.7,28.2,31.4
"2015-02-29",NA,NA,NA,NA
"2015-02-30",NA,NA,NA,NA
"2015-02-31",NA,NA,NA,NA
"2015-03-01",0,26.5,22.4,29.7
"2015-03-02",1.8,27.3,22.8,32.6
"2015-03-03",0.6,25.5,22,32.4
"2015-03-04",0,27.2,12.6,32.4
"2015-03-05",0,27.1,NA,32
"2015-03-06",2.1,26.4,23.6,31.3
"2015-03-07",30.1,26.4,21.8,33.6
"2015-03-08",5.2,25.5,21.6,31.4
"2015-03-09",0,26.8,22.6,31
"2015-03-10",0.9,27.3,22.8,32.2
"2015-03-11",0.6,28.1,23.4,34.4
"2015-03-12",0,27.8,23.8,33.4
"2015-03-13",70.7,26.3,22.8,32.6
"2015-03-14",5.3,26.1,22.6,30.5
"2015-03-15",9.8,26.1,23,31.8
"2015-03-16",4,27,23.2,31.8
"2015-03-17",0.6,26.7,23.8,30.9
"2015-03-18",6.9,26.4,23.4,31
"2015-03-19",0.6,26.6,22.6,32.2
"2015-03-20",0,26.9,23,31.6
"2015-03-21",0,27.2,22.6,33.6
"2015-03-22",0,27.8,23.4,33.7
"2015-03-23",1.6,26.8,23.1,33.8
"2015-03-24",0.1,27.7,22.4,33.8
"2015-03-25",0,26.5,23.6,31.8
"2015-03-26",0.7,27.6,23,32.8
"2015-03-27",0.1,27.2,23.4,31
"2015-03-28",2.3,26.9,23.6,31.1
"2015-03-29",0,26.3,23,29.6
"2015-03-30",1.4,27.1,22.1,34.4
"2015-03-31",0.6,27,23,34
"2015-04-01",46.3,26.8,24,33
"2015-04-02",3.3,26.5,22.4,31.8
"2015-04-03",2.8,26.5,22.8,32.6
"2015-04-04",71.1,27.2,23.2,33.8
"2015-04-05",2.5,26.7,22.6,32
"2015-04-06",4.2,28,22.5,32.8
"2015-04-07",0,27.6,24,31.6
"2015-04-08",0.3,26.7,23.4,31.4
"2015-04-09",3.1,28.5,23.4,33.4
"2015-04-10",6.8,27.2,23.8,31.6
"2015-04-11",0,26.7,23.6,31.4
"2015-04-12",2.4,27.8,22.8,32.9
"2015-04-13",1,27.3,24.2,33.2
"2015-04-14",0.5,27.2,23.6,33.2
"2015-04-15",2.4,27.1,23,32
"2015-04-16",4.7,25.5,23,32.4
"2015-04-17",0,27.1,22,32.7
"2015-04-18",0,22.8,22.8,31.6
"2015-04-19",0,20.4,22.6,33.8
"2015-04-20",0,27.7,23.4,32.6
"2015-04-21",1.4,27.3,23.2,32.8
"2015-04-22",0,27.5,23.2,32.8
"2015-04-23",2.9,28.1,21.8,33.7
"2015-04-24",10,27.7,23,33.2
"2015-04-25",0,26.9,22.6,32.4
"2015-04-26",0,27.3,21,34.2
"2015-04-27",0.8,26.6,23.2,32.4
"2015-04-28",0.6,25,23,31.1
"2015-04-29",5.8,27.6,23.1,35.2
"2015-04-30",2.1,26.5,22.6,33.2
"2015-04-31",NA,NA,NA,NA
"2015-05-01",0,26.9,22.9,32.8
"2015-05-02",11.9,27.1,22.6,33.2
"2015-05-03",8.6,27.1,23.2,32.4
"2015-05-04",1.4,27,22.8,32.2
"2015-05-05",0,26.9,23.8,31.2
"2015-05-06",0,27.4,23.2,33.6
"2015-05-07",0.7,26.4,23.2,30.8
"2015-05-08",0,27.2,23.2,33.4
"2015-05-09",0.2,27.4,22.6,33.2
"2015-05-10",0,26.7,23.7,31.1
"2015-05-11",1.1,27.2,23.4,33.2
"2015-05-12",5.6,26.6,23.8,32.4
"2015-05-13",12.8,27.6,23.6,33.7
"2015-05-14",17.9,26.8,23,32.6
"2015-05-15",0,27,23.2,32.8
"2015-05-16",18.3,24,23.8,32.3
"2015-05-17",0,27.2,23.1,33.2
"2015-05-18",0,26.4,22.3,32.4
"2015-05-19",0,27.6,22.4,33.5
"2015-05-20",4.1,27.5,22.6,33.4
"2015-05-21",7.1,26.9,22.5,32.6
"2015-05-22",4,27.5,23.2,33.6
"2015-05-23",1.3,26.7,23.5,31
"2015-05-24",0.9,27.3,23.6,32.4
"2015-05-25",7.2,26.7,23,32.8
"2015-05-26",1.1,26.4,22.8,31.9
"2015-05-27",0,26.3,22.9,30.7
"2015-05-28",3.5,26,22.6,31.4
"2015-05-29",0,27.1,22.8,32.9
"2015-05-30",13.1,26.9,23.8,32.3
"2015-05-31",0.9,25.6,22.2,31.6
"2015-06-01",24,27.5,22.8,33.4
"2015-06-02",0.6,27,23.2,31.7
"2015-06-03",0,26.2,23,29.8
"2015-06-04",0,27.3,22.4,32.2
"2015-06-05",0,26.4,22.8,31
"2015-06-06",0.6,26.9,23.6,32
"2015-06-07",36.9,26.7,23.8,31.8
"2015-06-08",0,26.2,22.6,31.2
"2015-06-09",0.3,27.2,22.6,32.2
"2015-06-10",0,26.9,23.3,33.6
"2015-06-11",1.2,26.7,22.6,32
"2015-06-12",0,26.6,23.4,32
"2015-06-13",1.3,27.2,23.6,33
"2015-06-14",0,25.7,NA,30.6
"2015-06-15",0,27.1,23,31.2
"2015-06-16",0,27.1,23.9,31.8
"2015-06-17",0,27.5,23.8,32.8
"2015-06-18",0.2,25.6,23.5,32.9
"2015-06-19",0,27.6,23.8,32.8
"2015-06-20",0,26.7,23.8,30.2
"2015-06-21",0.3,27.6,23,32.7
"2015-06-22",0,26.7,22.4,31.9
"2015-06-23",0,26.2,23.4,29.6
"2015-06-24",0,27.4,23.8,32.3
"2015-06-25",0,26.3,22.6,31.6
"2015-06-26",0,25.8,22,30.8
"2015-06-27",0,26.9,23,32.2
"2015-06-28",0,26.4,23,32
"2015-06-29",0,26.3,22.9,31.2
"2015-06-30",0,26.8,23.2,33
"2015-06-31",NA,NA,NA,NA
"2015-07-01",0,26.9,21.9,33.5
"2015-07-02",0,25.4,22,31.2
"2015-07-03",0,27.4,21.6,34.1
"2015-07-04",0,26.7,22.8,31
"2015-07-05",2.7,26.7,23.6,31.2
"2015-07-06",0.9,26.8,22.8,34.1
"2015-07-07",0,25.1,21.8,29.4
"2015-07-08",0,26.1,23.4,29.4
"2015-07-09",0,24.8,23,27.3
"2015-07-10",0,26.6,21.8,31.8
"2015-07-11",0,25.7,22.2,29.6
"2015-07-12",50.3,26.1,23,32
"2015-07-13",0,27,22.8,32.6
"2015-07-14",3.7,25.1,23,27.2
"2015-07-15",0.1,26.1,22.6,30.8
"2015-07-16",0,26.8,22.2,32.4
"2015-07-17",0.3,26.4,22.4,32.2
"2015-07-18",0,26.1,23.6,29.6
"2015-07-19",1.7,25.4,23.2,29.8
"2015-07-20",1.3,25.7,23,29.2
"2015-07-21",0.7,26.5,22.8,31.4
"2015-07-22",0,26.3,22.6,31.2
"2015-07-23",0,26.9,22.8,32
"2015-07-24",0,27.1,23.4,32.4
"2015-07-25",2,26.4,23.8,30
"2015-07-26",0,26,23.2,28
"2015-07-27",0,26.2,22,28.8
"2015-07-28",0,26.2,22.8,30.4
"2015-07-29",0,26.3,22.6,31
"2015-07-30",0,26.5,23.2,30.2
"2015-07-31",0.4,24.7,23,27.8
"2015-08-01",0,26.2,21.6,32.6
"2015-08-02",0,26.9,23.4,32.4
"2015-08-03",0,26,22.4,29.6
"2015-08-04",0,27.1,23.2,32
"2015-08-05",0,26.4,23.2,30
"2015-08-06",0,26.3,23.2,30.4
"2015-08-07",0,25.7,22,29.2
"2015-08-08",0,26.3,22.8,30.2
"2015-08-09",0,25.9,21.6,29.8
"2015-08-10",2,25.5,22.4,29.1
"2015-08-11",0,25.5,21.4,29.9
"2015-08-12",0,25.5,20,NA
"2015-08-13",0,26.2,21.6,32
"2015-08-14",0,24.6,21.6,22.6
"2015-08-15",0,26.1,21.9,31.2
"2015-08-16",0,25.5,20.8,29.4
"2015-08-17",0,26.3,22.2,33.2
"2015-08-18",0,26.4,21.6,33.5
"2015-08-19",0,26.9,22.6,32.8
"2015-08-20",0,26.3,22.6,30.4
"2015-08-21",0,26.3,20.2,32.6
"2015-08-22",0,26.6,22,31.6
"2015-08-23",0,26.8,21.6,32.2
"2015-08-24",0,25.5,22.6,30
"2015-08-25",0,25.5,19.4,33.6
"2015-08-26",0,25.5,22,29.8
"2015-08-27",0,26.5,22,32
"2015-08-28",0,26.9,22.6,33.4
"2015-08-29",0,25.7,21.9,34.4
"2015-08-30",0,24.9,20.8,26
"2015-08-31",NA,25.3,22.2,26.4
